"cyl","Avg.Cosumo"
8,6.39625
6,8.128125
4,9.7325
